-- MySQL dump 10.13  Distrib 5.7.19, for osx10.12 (x86_64)
--
-- Host: localhost    Database: GWAS
-- ------------------------------------------------------
-- Server version	5.7.18-log

/*!40101 SET @OLD_CHARACTER_SET_CLIENT=@@CHARACTER_SET_CLIENT */;
/*!40101 SET @OLD_CHARACTER_SET_RESULTS=@@CHARACTER_SET_RESULTS */;
/*!40101 SET @OLD_COLLATION_CONNECTION=@@COLLATION_CONNECTION */;
/*!40101 SET NAMES utf8 */;
/*!40103 SET @OLD_TIME_ZONE=@@TIME_ZONE */;
/*!40103 SET TIME_ZONE='+00:00' */;
/*!40014 SET @OLD_UNIQUE_CHECKS=@@UNIQUE_CHECKS, UNIQUE_CHECKS=0 */;
/*!40014 SET @OLD_FOREIGN_KEY_CHECKS=@@FOREIGN_KEY_CHECKS, FOREIGN_KEY_CHECKS=0 */;
/*!40101 SET @OLD_SQL_MODE=@@SQL_MODE, SQL_MODE='NO_AUTO_VALUE_ON_ZERO' */;
/*!40111 SET @OLD_SQL_NOTES=@@SQL_NOTES, SQL_NOTES=0 */;

--
-- Table structure for table `Associations`
--

DROP TABLE IF EXISTS `Associations`;
/*!40101 SET @saved_cs_client     = @@character_set_client */;
/*!40101 SET character_set_client = utf8 */;
CREATE TABLE `Associations` (
  `id` int(11) NOT NULL AUTO_INCREMENT,
  `name` tinytext,
  `size` smallint(5) unsigned DEFAULT NULL,
  `cohort` tinytext,
  `pvalue` double DEFAULT NULL,
  `snp` int(11) NOT NULL,
  `paper` int(11) NOT NULL,
  PRIMARY KEY (`id`),
  KEY `snp_id` (`snp`),
  KEY `paper_id` (`paper`),
  CONSTRAINT `associations_ibfk_1` FOREIGN KEY (`snp`) REFERENCES `SNPs` (`id`),
  CONSTRAINT `associations_ibfk_2` FOREIGN KEY (`paper`) REFERENCES `Papers` (`id`)
) ENGINE=InnoDB AUTO_INCREMENT=618 DEFAULT CHARSET=latin1;
/*!40101 SET character_set_client = @saved_cs_client */;

--
-- Dumping data for table `Associations`
--

LOCK TABLES `Associations` WRITE;
/*!40000 ALTER TABLE `Associations` DISABLE KEYS */;
INSERT INTO `Associations` VALUES (505,'MRI hippocampal volume',30717,'more than 50',1.08e-33,267,116),(506,'MRI hippocampal volume',30717,'more than 50',0.00000000000254,268,116),(507,'MRI hippocampal volume',30717,'more than 50',0.00000000327,269,116),(508,'MRI putamen volume',30717,'more than 50',0.000000000000867,270,116),(509,'MRI Caudate volume',30717,'more than 50',0.000000000000397,270,116),(510,'MRI putamen volume',30717,'more than 50',0.000000734,271,116),(511,'MRI caudate volume',30717,'more than 50',3.64e-16,272,116),(512,'MRI caudate volume',30717,'more than 50',0.0000000000354,273,116),(513,'MRI caudate volume',30717,'more than 50',0.00000000073,274,116),(514,'Plasma',591,'ADNI1GO2',0.0000000267,277,117),(515,'Cortical PiB',73,'ADNI1',0.000000000367,270,118),(516,'MRI Caudate volume',621,'ADNI1GO2',0.000000000000597,270,116),(517,'FDG amygdala',1200,'ADNI1GO2',0.00000677,283,120),(518,'FDG amygdala',1200,'ADNI1GO2',0.00000601,284,120),(519,'FDG amygdala',1200,'ADNI1GO2',0.00000517,285,120),(520,'FDG amygdala',1200,'ADNI1GO2',0.00000763,286,120),(521,'FDG amygdala',1200,'ADNI1GO2',0.00000401,287,120),(522,'FDG amygdala',1200,'ADNI1GO2',0.00000961,288,120),(523,'FDG Temporal',1200,'ADNI1GO2',0.0000081,283,120),(524,'FDG Temporal',1200,'ADNI1GO2',0.000000821,284,120),(525,'FDG Temporal',1200,'ADNI1GO2',0.00000232,285,120),(526,'FDG Temporal',1200,'ADNI1GO2',0.00000884,286,120),(527,'FDG Temporal',1200,'ADNI1GO2',0.00000216,287,120),(528,'FDG Temporal',1200,'ADNI1GO2',0.00000811,288,120),(529,'MRI L Hippocampus volume',1356,'ADNI1GO2',0.00000821,289,121),(530,'MRI L Hippocampus volume',1356,'ADNI1GO2',0.0000091,289,121),(531,'MRI L Hippocampus volume',1356,'ADNI1GO2',0.000000295,290,121),(532,'MRI L Hippocampus volume',1356,'ADNI1GO2',0.00000375,291,121),(533,'MRI R Hippocampus volume',1356,'ADNI1GO2',0.00000939,292,121),(534,'Cognitive: memory',15675,'European',0.000000881,293,122),(535,'Cognitive: memory',15675,'European',0.00000349,294,123),(536,'Cognitive: memory',15675,'European',0.00000453,295,123),(537,'Cognitive: memory',15675,'European',0.0000000964,293,123),(538,'Cognitive: memory',15675,'European',0.0000000942,296,123),(539,'Cognitive: memory',15675,'European',0.0000000498,293,124),(540,'Clinical',15675,'European',0.0000000487,294,125),(541,'Clinical',15675,'European',0.000000038,297,123),(542,'Clinical',15675,'European',0.0000000004,295,125),(543,'Clinical',15675,'European',0.0000000269,293,126),(544,'Clinical',15675,'European',7.4e-52,293,127),(545,'Clinical',15675,'European',9.28e-52,296,125),(546,'Clinical',15675,'European',1.25e-51,293,125),(547,'Clinical',15675,'European',2.89e-50,298,128),(548,'Clinical',15675,'European',1.06e-49,297,125),(549,'Clinical',15675,'European',3.68e-49,293,129),(550,'Clinical',15675,'European',1.79e-48,298,123),(551,'AV45 Frontal',15675,'European',0.0000000609,299,128),(552,'AV45 Frontal',15675,'European',0.0000000944,293,130),(553,'AV45 Frontal',15675,'European',0.00000000771,296,131),(554,'AV45 Frontal',15675,'European',0.0000000608,295,131),(555,'AV45 Frontal',15675,'European',0.0000000663,300,123),(556,'AV45 Frontal',15675,'European',0.0000000793,301,123),(557,'AV45 Frontal',15675,'European',0.0000000655,302,123),(558,'AV45 Frontal',15675,'European',0.0000000935,301,128),(559,'AV45 Frontal',15675,'European',0.0000000257,303,123),(560,'AV45 Frontal',15675,'European',0.0000000236,304,132),(561,'AV45 Frontal',15675,'European',0.0000000171,293,131),(562,'AV45 Frontal',15675,'European',0.0000000882,296,133),(563,'AV45 Frontal',15675,'European',0.0000000106,299,123),(564,'AV45 Frontal',15675,'European',0.0000000149,294,134),(565,'AV45 Frontal',15675,'European',0.00000000173,295,130),(566,'AV45 L Angular',1089,'ADNIGO2',0.0000000971,305,135),(567,'AV45 L Angular',1089,'ADNIGO2',0.0000000972,298,126),(568,'AV45 L Angular',1089,'ADNIGO2',0.0000000786,298,136),(569,'AV45 L Angular',1089,'ADNIGO2',0.00000000207,306,132),(570,'AV45 R Angular',1089,'ADNIGO2',0.0000000645,307,132),(571,'AV45 L temporal',1089,'ADNIGO2',0.0000000988,294,137),(572,'AV45 L temporal',1089,'ADNIGO2',0.0000000732,294,138),(573,'AV45 L temporal',1089,'ADNIGO2',0.0000000984,308,132),(574,'AV45 R Angular',1089,'ADNIGO2',0.00000000781,309,132),(575,'AV45 R Angular',1089,'ADNIGO2',0.0000000635,293,132),(576,'AV45 R Angular',1089,'ADNIGO2',0.000000084,310,139),(577,'MRI L hippocampal volume',1089,'ADNIGO2',0.00000000882,310,139),(578,'MRI L hippocampal volume',1089,'ADNIGO2',0.0000000103,311,132),(579,'MRI L hippocampal volume',1089,'ADNIGO2',0.0000000785,312,132),(580,'MRI L hippocampal volume',1089,'ADNIGO2',0.0000000392,298,125),(581,'MRI L hippocampal volume',1089,'ADNIGO2',0.000000062,293,133),(582,'MRI R hippocampal volume',1089,'ADNIGO2',0.0000000497,313,123),(583,'MRI R Cingulum Ant',1089,'ADNIGO2',0.0000000482,314,123),(584,'MRI R Cingulum Ant',1089,'ADNIGO2',0.00000000287,298,127),(585,'MRI R Cingulum Ant',1089,'ADNIGO2',0.0000000303,301,125),(586,'MRI R Cingulum Ant',1089,'ADNIGO2',0.0000000726,315,123),(587,'MRI R Cingulum Ant',1089,'ADNIGO2',0.0000000631,300,126),(588,'MRI R hippocampal volume',1089,'ADNIGO2',0.0000000291,301,126),(589,'MRI R hippocampal volume',1089,'ADNIGO2',0.000000087,316,123),(590,'MRI R hippocampal volume',1089,'ADNIGO2',0.00000000218,317,123),(591,'MRI R hippocampal volume',1089,'ADNIGO2',0.0000000376,300,125),(592,'MRI L Insula',1336,'ADNI1GO2',0.00000008,301,127),(593,'AV45 L Parietal',1336,'ADNI1GO2',1.87e-31,299,125),(594,'AV45 L Parietal',1336,'ADNI1GO2',6.75e-31,300,127),(595,'AV45 L Parietal',1336,'ADNI1GO2',2.47e-29,302,127),(596,'AV45 L Parietal',1336,'ADNI1GO2',8.82e-29,302,125),(597,'AV45 L Parietal',1336,'ADNI1GO2',2.16e-28,302,126),(598,'MRI L Insula',1336,'ADNI1GO2',7.87e-28,299,126),(599,'MRI L Cingulum Ant',1336,'ADNI1GO2',2.29e-27,303,125),(600,'MRI L Cingulum Ant',1336,'ADNI1GO2',3.78e-27,318,135),(601,'MRI L Cingulum Ant',1336,'ADNI1GO2',6.2e-27,299,127),(602,'MRI L Cingulum Ant',1336,'ADNI1GO2',7.6e-27,319,135),(603,'FDG R Caudate',1336,'ADNI1GO2',5.89e-26,320,123),(604,'FDG R Caudate',1336,'ADNI1GO2',9e-26,302,129),(605,'FDG R Caudate',1336,'ADNI1GO2',1.98e-17,321,135),(606,'FDG R Caudate',1336,'ADNI1GO2',2.9e-17,300,129),(607,'FDG R Caudate',1336,'ADNI1GO2',5e-17,298,129),(608,'FDG R Caudate',1336,'ADNI1GO2',5.23e-17,299,129),(609,'FDG L Caudate',1336,'ADNI1GO2',9.22e-17,322,134),(610,'FDG L Caudate',1336,'ADNI1GO2',1.33e-16,323,123),(611,'FDG L Caudate',1336,'ADNI1GO2',1.4e-16,313,125),(612,'FDG L Caudate',1336,'ADNI1GO2',1.68e-16,314,125),(613,'FDG L Caudate',1336,'ADNI1GO2',1.78e-16,315,125),(614,'FDG L Caudate',1336,'ADNI1GO2',2e-16,304,132),(615,'FDG L Caudate',1336,'ADNI1GO2',2e-16,317,125),(616,'FDG L Caudate',1336,'ADNI1GO2',2e-16,316,125),(617,'MRI L Cingulum Mid',1336,'ADNI1GO2',2e-16,316,127);
/*!40000 ALTER TABLE `Associations` ENABLE KEYS */;
UNLOCK TABLES;

--
-- Table structure for table `Papers`
--

DROP TABLE IF EXISTS `Papers`;
/*!40101 SET @saved_cs_client     = @@character_set_client */;
/*!40101 SET character_set_client = utf8 */;
CREATE TABLE `Papers` (
  `id` int(11) NOT NULL AUTO_INCREMENT,
  `pubmed_id` int(10) unsigned DEFAULT NULL,
  PRIMARY KEY (`id`)
) ENGINE=InnoDB AUTO_INCREMENT=140 DEFAULT CHARSET=latin1;
/*!40101 SET character_set_client = @saved_cs_client */;

--
-- Dumping data for table `Papers`
--

LOCK TABLES `Papers` WRITE;
/*!40000 ALTER TABLE `Papers` DISABLE KEYS */;
INSERT INTO `Papers` VALUES (116,25607358),(117,26626881),(118,27066559),(119,25720397),(120,26444770),(121,25670955),(122,20460622),(123,21460841),(124,19734902),(125,22832961),(126,19136949),(127,24755620),(128,21627779),(129,21379329),(130,21098978),(131,22005930),(132,23562540),(133,20885792),(134,17998437),(135,24162737),(136,19125160),(137,17474819),(138,17975299),(139,23565137);
/*!40000 ALTER TABLE `Papers` ENABLE KEYS */;
UNLOCK TABLES;

--
-- Table structure for table `SNPs`
--

DROP TABLE IF EXISTS `SNPs`;
/*!40101 SET @saved_cs_client     = @@character_set_client */;
/*!40101 SET character_set_client = utf8 */;
CREATE TABLE `SNPs` (
  `id` int(11) NOT NULL AUTO_INCREMENT,
  `name` tinytext,
  `chr` tinyint(2) unsigned DEFAULT NULL,
  `pos` int(11) DEFAULT NULL,
  PRIMARY KEY (`id`)
) ENGINE=InnoDB AUTO_INCREMENT=324 DEFAULT CHARSET=latin1;
/*!40101 SET character_set_client = @saved_cs_client */;

--
-- Dumping data for table `SNPs`
--

LOCK TABLES `SNPs` WRITE;
/*!40000 ALTER TABLE `SNPs` DISABLE KEYS */;
INSERT INTO `SNPs` VALUES (267,'rs945270',14,56200473),(268,'rs62097986',18,50818827),(269,'rs6087771',20,31718921),(270,'rs683250',11,83565125),(271,'rs1318862',11,92273935),(272,'rs77956314',12,116885562),(273,'rs61921502',12,65438688),(274,'rs17689882',17,45829462),(275,'rs261752',5,39328404),(276,'rs4240872',1,154463719),(277,'rs7514452',1,154465608),(278,'rs6766238',3,48764497),(279,'rs1143960',12,54580688),(280,'rs1249963',12,54596340),(281,'rs11975968',7,32251119),(282,'rs4836493',5,130136030),(283,'rs2137962',8,83590469),(284,'rs1498853',3,69691797),(285,'rs288503',3,69711793),(286,'rs288496',3,69714739),(287,'rs17028008',4,99872227),(288,'rs17027976',4,99855238),(289,'rs7718456',5,17483238),(290,'rs6446443',4,6092645),(291,'rs17029131',2,103787505),(292,'rs16964473  ',19,35817531),(293,'rs2075650',19,45395619),(294,'rs4420638',19,45422946),(295,'rs6857',19,45392254),(296,'rs157582',19,45396219),(297,'rs10119',19,45406673),(298,'rs157580',19,45395266),(299,'rs8106922',19,45401666),(300,'rs6859',19,45382034),(301,'rs439401',19,45414451),(302,'rs405509',19,45408836),(303,'rs4803763',19,45357291),(304,'rs769449',19,45410002),(305,'rs6733839',2,127892810),(306,'rs12972970',19,45387596),(307,'rs34342646',19,45388130),(308,'rs34404554',19,45395909),(309,'rs11556505',19,45396144),(310,'rs519113',19,45376284),(311,'rs71352238',19,45394336),(312,'rs12972156',19,45387459),(313,'rs2927480',19,45337385),(314,'rs7359852',19,45336035),(315,'rs405697',19,45404691),(316,'rs10402271',19,45329214),(317,'rs3745150',19,45385759),(318,'rs10792832',11,85867875),(319,'rs9331896',8,27467686),(320,'rs4803770',19,45427353),(321,'rs6656401',1,207692049),(322,'rs3763849',11,60193191),(323,'rs3852861',19,45383061);
/*!40000 ALTER TABLE `SNPs` ENABLE KEYS */;
UNLOCK TABLES;
/*!40103 SET TIME_ZONE=@OLD_TIME_ZONE */;

/*!40101 SET SQL_MODE=@OLD_SQL_MODE */;
/*!40014 SET FOREIGN_KEY_CHECKS=@OLD_FOREIGN_KEY_CHECKS */;
/*!40014 SET UNIQUE_CHECKS=@OLD_UNIQUE_CHECKS */;
/*!40101 SET CHARACTER_SET_CLIENT=@OLD_CHARACTER_SET_CLIENT */;
/*!40101 SET CHARACTER_SET_RESULTS=@OLD_CHARACTER_SET_RESULTS */;
/*!40101 SET COLLATION_CONNECTION=@OLD_COLLATION_CONNECTION */;
/*!40111 SET SQL_NOTES=@OLD_SQL_NOTES */;

-- Dump completed on 2017-12-19 10:26:51
